Model,MAE,RMSE,MAPE (%)
Moving Average (7-day),189.9753694581281,244.64518295012277,23.67663672211333
LSTM (Normalized),99.91884849811423,141.0752959323646,11.167352436456776
